1,0.00050682336
1,0.9999999
1,0.99999857
1,0.9999988
1,1.0
1,0.9999801
1,0.9999492
1,0.9999993
1,0.99991214
1,0.2646983
1,0.88477075
1,0.9909972
1,0.9999994
1,0.99995565
1,0.9991722
1,0.99234784
1,5.5146625e-08
1,0.99990344
1,0.99999905
1,1.0
1,0.9999949
1,0.997235
1,4.1982707e-06
1,0.9935587
1,0.9995757
1,0.9999945
1,0.9999943
1,0.9999993
1,0.0032094899
1,0.9990682
1,0.9999987
1,0.99985695
1,0.99999726
1,0.99897563
1,0.010205335
1,0.95150155
1,1.0
1,0.99937373
1,1.0
1,0.99998546
1,0.00020576084
1,0.004023141
1,0.34625337
1,0.25177985
1,0.4489954
1,1.0
1,0.9997495
1,6.2154075e-05
1,0.99999917
1,0.98852974
1,0.0034144449
1,0.99999976
1,0.9999999
1,0.99981135
1,1.0
1,0.0007754719
1,0.6759969
1,0.8432608
1,3.8118133e-06
1,0.90474826
1,0.2733851
1,0.9998379
1,0.99799275
1,0.00013710994
1,0.9999995
1,0.99999297
1,0.30686307
1,0.9999995
1,0.99999964
1,0.0032712922
1,0.9996743
1,0.99999356
1,0.04528203
1,0.99971133
1,6.3732957e-09
1,0.9999994
1,1.0
1,1.0
1,0.9960465
1,1.0
1,0.99999917
1,0.9999989
1,2.7261965e-10
1,0.9999186
1,0.99999964
1,0.94168
1,0.0061206142
1,0.9924029
1,6.6761416e-08
1,0.14333358
1,0.99999964
1,0.9997938
1,0.9999194
1,1.0
1,0.00036407725
1,0.002797095
1,7.3691976e-06
1,1.0
1,0.9998248
1,0.5849323
1,0.9999993
1,0.9951852
1,1.0
1,0.99995506
1,0.99316084
1,0.7957045
1,0.9681873
1,0.00034989195
1,0.9984389
1,0.00047285805
1,0.99998367
1,0.99948955
1,0.99999833
1,0.45040116
1,0.9781487
1,0.019664133
1,0.9999938
1,0.9991279
1,0.99983525
1,0.9959849
1,0.9999174
1,0.99801254
1,0.9994704
1,0.9997111
1,0.9997193
1,0.013784931
1,0.0035853824
1,1.0
1,0.014262574
1,0.99933606
1,0.9999969
1,0.08270771
1,0.9978555
1,0.00021413567
1,0.9999999
1,0.9999869
1,0.9999987
1,0.0015277345
1,0.9999981
1,0.9999999
1,0.9999968
1,1.0
1,0.99976164
1,0.0001654818
1,0.999877
1,0.9999999
1,0.9999995
1,0.99999714
1,0.0040887436
1,0.9999999
1,0.99952257
1,0.9356945
1,0.2969103
1,4.208761e-05
1,0.9999529
1,0.0006997068
1,0.9999924
1,0.99998224
1,3.4359214e-08
1,0.39513513
1,0.99672085
1,0.0048368983
1,1.0
1,0.9999999
1,0.0001233835
1,0.99996626
1,0.0032657448
1,0.99984264
1,0.9974306
1,0.9997255
1,0.99880826
1,0.9999999
1,0.9999845
1,0.9999999
1,0.999908
1,0.99989855
1,0.95304024
1,0.99999404
1,0.99985063
1,0.9991892
1,0.009109641
1,0.99999976
1,0.0025981178
1,0.99923706
1,2.3524483e-06
1,0.99922764
1,0.9993399
1,6.362258e-05
1,0.9999999
1,0.004375709
1,0.9999982
1,0.7364116
1,0.9999527
1,0.0040526823
1,0.9994011
1,1.0
1,0.997486
1,0.9999999
1,0.99986553
1,0.98078054
1,0.17353992
1,0.9999516
1,0.11137774
1,0.9998035
1,0.0012573788
1,0.55205315
1,0.9999987
1,0.99859256
1,0.99996054
1,0.97555655
1,0.9998857
1,0.00016674752
1,0.025551887
1,0.99945396
1,0.99971086
1,0.9999883
1,1.3253666e-05
1,0.9999987
1,8.686136e-07
1,1.0
1,0.9963781
1,0.9999988
1,0.9965808
1,0.99994373
1,0.3206284
1,0.997888
1,0.9999999
1,9.543076e-07
1,1.0
1,0.99998975
1,0.9999995
1,0.9999988
1,1.0
1,0.9998547
1,0.9977639
1,0.9921502
1,0.9717215
1,0.999446
1,0.03797026
1,0.372003
1,0.00012398206
1,0.999928
1,0.9999869
1,0.99979705
1,0.99999833
1,0.00048115943
1,0.99740344
1,0.858754
1,1.0
1,0.0006323213
1,0.9141696
1,0.9999887
1,0.9999989
1,0.999997
1,0.37409374
1,0.99999976
1,0.9951186
1,2.9171188e-08
1,1.0
1,0.9378348
1,0.24861859
1,0.9483041
1,0.9997453
1,0.9999993
1,0.99999964
1,1.0
1,0.8129152
1,0.9999988
1,0.00019328596
1,0.02350613
1,1.0
1,1.0
1,0.0017168614
1,0.9999987
1,0.9999932
1,0.9999753
1,0.00062201027
1,0.02884
1,0.6928654
1,1.7960389e-06
1,0.99981326
1,0.99999976
1,0.9999995
1,0.9999944
1,0.9999716
1,0.9972223
1,0.99993277
1,0.5660346
1,0.99999857
1,0.28523105
1,0.9999988
1,1.0
1,0.9999969
1,0.99999344
1,0.015143339
1,0.7820973
1,1.0
1,0.00010867574
1,0.9999839
1,0.8922596
1,0.97785896
1,0.9970271
1,0.8337382
1,1.0
1,0.93463665
1,0.99977964
1,1.0
1,3.5494695e-06
1,0.10152569
1,0.99999785
1,1.0
1,0.033234116
1,0.9999999
1,0.99999166
1,0.93995523
1,0.9949083
1,0.99999785
1,0.99999774
1,0.13613495
1,0.9999994
1,0.9285046
1,0.9999924
1,0.99518687
1,0.05237548
1,0.9994192
1,5.075297e-05
1,0.9577374
1,0.9999989
1,0.99999547
1,1.333207e-07
1,0.9995427
1,1.0
1,0.99988127
1,0.9998166
1,0.9999995
1,0.999469
1,0.9999963
1,1.4894327e-05
1,0.9995314
1,0.9978331
1,0.00013719626
1,0.99992144
1,0.06368176
1,1.0
1,3.74481e-09
1,0.99359494
1,0.9999962
1,0.9999999
1,0.99998116
1,0.9999994
1,0.039690614
1,1.0
1,0.9999653
1,1.0
1,1.0
1,0.99680835
1,0.9999995
1,0.999995
1,0.96690613
1,0.99999547
1,1.0
1,0.99999356
1,0.918906
1,0.9999993
1,3.9596236e-07
1,1.0
1,0.9999267
1,0.0016095564
1,0.9999958
1,0.9999999
1,0.99997556
1,0.99999726
1,1.0
1,0.99983
1,0.9999999
1,0.9997018
1,1.3624916e-06
1,0.6194622
1,0.999754
1,0.9998004
1,0.9971034
1,0.9999169
1,0.9992561
1,0.99788207
1,0.0016869322
1,0.0019217978
1,0.029762048
1,0.022121688
1,4.545341e-07
1,0.9999944
1,9.205104e-13
1,0.9990596
1,0.00043869368
1,6.3381556e-08
1,0.99999857
1,0.99999595
1,0.9999851
1,0.85753274
1,0.9999999
1,1.0
1,0.99999976
1,1.0
1,0.9998745
1,0.9998859
1,0.9999918
1,0.9995573
1,0.87517375
1,0.0016780866
1,1.0
1,1.0
1,9.879408e-08
1,0.9960219
1,3.476954e-05
1,5.001912e-05
1,1.0
1,0.99706334
1,0.9999987
1,0.9981059
1,0.9999969
1,0.99999654
1,0.99940836
1,0.9999995
1,7.772146e-06
1,3.222818e-05
1,0.99999833
1,0.060559075
1,0.9999988
1,0.9999989
1,0.99995446
1,5.19758e-05
1,0.99999917
1,0.86486316
1,0.9999982
1,0.99797946
1,0.99999905
1,1.9878368e-07
1,0.1263369
1,0.0011004348
1,9.178622e-11
1,8.222369e-05
1,0.9999989
1,0.9909713
1,2.5852387e-05
1,0.10450961
1,0.9999999
1,0.9999943
1,0.99999976
1,0.99847
1,0.0693943
1,0.99999976
1,0.9998337
1,0.9991111
1,4.3342467e-07
1,0.999803
1,0.99999976
1,0.996262
1,0.00013817211
1,0.99999845
1,0.99747133
1,0.9999958
1,0.963357
1,0.9999896
1,0.99999976
1,0.9991768
1,0.93801016
1,0.74744827
1,0.9980769
1,0.9994733
1,0.999951
1,0.9999999
1,0.99739134
1,0.9999999
1,1.0
1,0.9998211
1,0.99034107
1,0.99999905
1,0.9999993
1,6.848718e-06
1,0.07652822
1,0.99999607
1,0.99991024
1,0.9978998
1,0.16820085
1,0.99831486
1,0.98897624
1,0.99977213
1,0.99988997
1,3.5258774e-05
1,0.99982977
1,0.99999714
1,0.08576288
1,0.00045420788
1,0.99999905
1,1.962636e-05
1,0.9999989
1,0.9999993
1,0.9999962
1,0.055157278
1,0.99971384
1,0.99999905
1,0.99999344
1,0.10200643
1,0.73294985
1,0.99773574
1,0.0010042933
1,1.0
1,0.99999976
1,0.9259394
1,0.9999064
1,0.0015122577
1,0.93445146
1,0.001555873
1,1.0
1,0.14815132
1,0.9999465
1,0.78962713
1,7.366679e-08
1,0.99618995
1,0.99824286
1,0.98103595
1,0.00095144217
1,0.9999994
1,0.99999225
1,1.0199971e-05
1,0.9999498
1,0.9989697
1,1.0
1,0.9998609
1,0.009775887
1,1.0
1,0.16434178
1,0.9816991
1,2.4509595e-07
1,0.0010583961
1,0.9997451
1,5.8214995e-05
1,0.99986124
1,0.99999905
1,0.97608227
1,0.9999646
1,4.280647e-10
1,1.0
1,0.99999857
1,0.99999666
1,0.0025409698
1,0.93715733
1,0.9999999
1,7.2145485e-05
1,2.4351212e-07
1,6.198469e-08
1,1.0079198e-05
1,0.9999871
1,0.999977
1,0.9999926
1,0.99996793
1,0.98207575
1,0.9999995
1,0.99903214
1,0.0014762987
1,0.0009952438
1,0.99999857
1,0.9999988
1,0.9996191
1,0.99999976
1,0.9999995
1,1.0
1,3.4435759e-09
1,0.3302382
1,0.9963052
1,0.99959475
1,0.98719317
1,0.9976514
1,0.99999905
1,0.99999964
1,0.14650664
1,0.9999348
1,0.007315607
1,1.0
1,8.070321e-06
1,0.9998754
1,0.99999845
1,0.99999726
1,0.99866164
1,0.9999945
1,0.0037083714
1,0.262791
1,3.432921e-08
1,0.96928847
1,0.80666566
1,0.9999988
1,0.99979943
1,0.9998903
1,0.999997
1,0.9989504
1,0.99947816
1,0.0056474917
1,0.14270528
1,0.999995
1,0.9997148
1,0.9999856
1,0.38991523
1,1.0
1,0.9999964
1,7.135026e-07
1,0.99999976
1,0.9999672
1,0.9726011
1,0.99757916
1,0.99997365
1,0.9999944
1,0.9999701
1,0.9948809
1,0.81208277
1,0.0092081865
1,0.99999976
1,1.7078786e-05
1,0.9999999
1,0.9972778
1,0.99810636
1,0.99992836
1,0.99999964
1,0.9961712
1,0.9998
1,1.0
1,0.99877816
1,0.0002158257
1,0.99999976
1,1.0
1,0.0005454256
1,0.0044963798
1,0.9862389
1,0.9999914
1,0.9996432
1,0.9999999
1,0.9832254
1,1.0
1,0.99996865
1,0.13553773
1,0.91782814
1,0.9999999
1,0.9999993
1,0.99985147
1,6.8260255e-07
1,0.00044007757
1,0.9999881
1,0.9999665
1,1.0
1,0.99170715
1,1.0
1,1.0
1,0.9992931
1,0.2675966
1,0.9999988
1,0.9999988
1,0.9999664
1,0.9999982
1,0.9999813
1,0.9997156
1,0.99999285
1,0.011822219
1,0.9771805
1,0.99999785
1,0.0022153978
1,0.97588366
1,0.99999785
1,0.9999995
1,0.9999832
1,0.9999958
1,0.993721
1,0.99999845
1,0.9843507
1,1.0
1,0.0017352286
1,0.9999995
1,0.99999607
1,0.0024121695
1,1.0
1,0.9995241
1,9.841226e-07
1,0.9999448
1,0.9447172
1,1.0
1,0.99999917
1,0.99984
1,0.9999248
1,0.9999218
1,0.97939944
1,0.9976179
1,0.07262214
1,8.804959e-09
1,0.9999962
1,0.999894
1,0.9999999
1,0.49095452
1,0.98358953
1,0.72531337
1,0.9628154
1,0.124911994
1,0.9999993
1,0.98537344
1,0.6438186
1,0.99970067
1,0.32514405
1,0.9994568
1,0.9999968
1,1.0
1,2.7651527e-05
1,0.99994254
1,0.87696254
1,0.9999987
1,0.97970736
1,6.5656473e-06
1,0.00012164833
1,0.99998665
1,9.1990405e-06
1,0.99999595
1,0.99555546
1,0.9151016
1,0.9999764
1,0.99983
1,0.9999964
1,0.9999975
1,0.9999665
1,0.99994373
1,0.99507093
1,0.9973037
1,0.9989361
1,0.99994206
1,0.99976176
1,0.9851398
1,0.9999999
1,0.04078151
1,0.9999999
1,0.99999833
1,1.0
1,0.91304475
1,0.9999999
1,0.99975294
1,1.0
1,0.9998555
1,0.87254
1,0.9975674
1,0.99857247
1,0.9999912
1,0.9992988
1,0.9999999
1,0.99947983
1,0.9997117
1,0.99996626
1,8.851655e-05
1,1.0
1,0.99995196
1,0.99999917
1,0.99850744
1,0.5677056
1,0.22363706
1,0.0002505711
1,0.99969554
1,4.9614523e-06
1,1.0
1,0.997013
1,1.0
1,0.9998902
1,0.9999999
1,1.0
1,0.99999976
1,0.031326413
1,0.9998404
1,0.14965972
1,0.0024465886
1,0.99973756
1,0.04289681
1,0.937415
1,0.9999933
1,0.0008604516
1,0.90290874
1,0.999998
1,1.0
1,0.9999397
1,0.99588037
1,1.0
1,0.99996483
1,0.99999595
1,2.0415505e-06
1,0.99995327
1,0.41806972
1,0.9931718
1,0.998059
1,0.005983205
1,0.0548104
1,0.8935098
1,0.99976283
1,0.9999999
1,1.0
1,0.93973476
1,1.0
1,2.2164684e-06
1,0.97622836
1,0.9999379
1,0.9999845
1,0.99793303
1,4.919107e-10
1,0.9999999
1,1.0
1,2.489481e-06
1,0.99055976
1,0.015215669
1,0.99994195
1,0.9999784
1,0.99999666
1,0.9999994
1,0.99987125
1,0.99996626
1,0.999328
1,0.9993261
1,0.9945187
1,1.0
1,0.9997975
1,0.99999976
1,1.0
1,0.9999759
1,0.12983607
1,1.8691283e-07
1,0.8804891
1,1.0
1,1.0
1,0.99998856
1,0.99986565
1,0.007065568
1,0.9999975
1,0.9961662
1,0.9999609
1,0.99999917
1,1.4026662e-08
1,0.9999999
1,0.9999695
1,4.749818e-06
1,1.0
1,1.0
1,0.9993748
1,0.0034364183
1,0.007280739
1,0.9999858
1,0.99999213
1,0.9999999
1,0.9672715
1,0.9999335
1,0.99991
1,0.77820206
1,0.0051244725
1,0.9999963
1,0.92946476
1,0.9998393
1,0.9999995
1,0.08299928
1,0.9392804
1,1.4324544e-07
1,0.9304493
1,5.2078656e-07
1,0.99998116
1,0.9999925
1,0.88552356
1,0.99999905
1,0.9996897
1,0.9864655
1,0.9999429
1,0.00090706383
1,0.9998023
1,0.99995637
1,9.397934e-06
1,0.9999993
1,0.99999964
1,0.9999976
1,0.34644467
1,1.0
1,0.99982065
1,0.9999316
1,0.5996272
1,6.3975236e-08
1,0.97866267
1,0.9999279
1,0.81284535
1,0.5530577
1,0.99709
1,0.99987185
1,0.9986206
1,0.99999976
1,0.9653184
1,0.9999999
1,0.47738016
1,0.005663167
1,2.6546825e-06
1,0.9999999
1,0.95012695
1,0.9988269
1,0.9999684
1,0.9999279
1,0.8015646
1,0.999956
1,0.9753656
1,0.012188592
1,0.91455036
1,0.0017776678
1,1.0
1,0.99087185
1,0.99928457
1,0.9999999
1,0.9999497
1,0.99998176
1,0.99999774
1,0.9998031
1,0.9999999
1,0.891388
1,0.9999956
1,0.999984
1,0.028399281
1,0.8758332
1,0.9999999
1,2.7299152e-06
1,0.9999653
1,1.0677715e-05
1,0.8464195
1,0.99974495
1,1.0613593e-05
1,0.9999957
1,0.9999987
1,1.0
1,0.9999229
1,1.2934601e-06
1,0.00040848643
1,1.0
1,0.9999995
1,1.0
1,0.99999976
1,1.0
1,0.9992403
1,0.99993885
1,1.8394798e-07
1,0.00029963578
1,1.0
1,0.99982905
1,0.9999937
1,1.0
1,1.0
1,1.0
1,0.997869
1,0.9977798
1,0.9455354
1,0.99990356
1,1.0
1,0.9999999
1,0.99996865
1,0.9999999
1,0.009025877
1,0.9999944
1,0.39702582
1,0.97023183
1,0.9996339
1,0.99988866
1,0.9999988
1,0.7967985
1,0.15092352
1,0.8500857
1,0.9999989
1,0.9998171
1,0.006303209
1,0.9983767
1,0.96483415
1,2.236838e-07
1,0.9999957
1,0.02951436
1,0.99999976
1,0.970181
1,8.338899e-12
1,0.9999999
1,0.9999999
1,0.99828196
1,0.99998724
1,0.9999771
1,1.3983707e-05
1,6.6460365e-05
1,0.99991024
1,1.0
1,1.0
1,0.9982332
1,0.8731226
1,0.92352974
1,0.9999622
1,8.963411e-07
1,0.9999963
1,0.9998963
1,0.4721869
1,0.9991042
1,0.9999974
1,0.9996908
1,0.9999982
1,0.99999523
1,0.9999918
1,4.0080197e-09
1,0.9999999
1,1.0
1,0.9999999
1,0.99189466
1,0.16773485
1,0.94121534
1,0.9997476
1,0.99999654
1,0.018603863
1,0.99986815
1,0.048205934
1,0.99999404
1,0.9978308
1,0.99999833
1,0.016604207
1,0.90649444
1,0.99997926
1,0.9999993
1,0.9999856
1,9.5631345e-05
1,0.0013083689
1,0.9968347
1,1.0
1,0.10057222
1,0.5958498
1,0.9938446
1,0.9999635
1,1.0
1,0.9738757
1,0.99999857
1,0.9954673
1,1.0
1,1.0
1,0.9999914
1,0.9994475
1,1.4909882e-06
1,0.09392168
1,0.99999034
1,0.99997175
1,0.9999217
1,0.9976029
1,0.98821706
1,0.00041188597
1,0.99999845
1,0.9999944
1,1.4781887e-05
1,0.9999125
1,0.9999989
1,0.0035962688
1,0.99719256
1,0.9999981
1,1.0
1,0.999997
1,1.0
1,0.11219275
1,0.99999976
1,0.9999993
1,1.0
1,1.0
1,0.99999917
1,0.66805357
1,0.004342036
1,0.99226063
1,0.9999999
1,0.0011992091
1,0.99999166
1,0.8771463
1,0.9999231
1,0.998445
1,0.9999958
1,0.99999285
1,0.99928755
1,0.99999976
1,0.9999999
1,1.0
1,2.3715867e-05
1,0.9999354
1,0.99954814
1,1.0
1,0.99999523
1,0.9986191
1,0.000348092
1,0.9999988
1,0.9999994
1,0.9169404
1,0.9997993
1,0.9999993
1,0.99994874
1,0.98258626
1,3.1744786e-08
1,0.8549591
1,0.008118394
1,0.9997347
1,0.004115986
1,0.9999726
1,0.9999796
1,0.9999995
1,0.9955173
1,0.99662423
1,0.999811
1,0.99992955
1,0.69931674
1,0.9999999
1,0.99993134
1,1.0
1,0.99999785
1,3.0949707e-06
1,0.0067830565
1,0.09507029
1,1.0191226e-07
1,0.9974298
1,0.0006995888
1,0.99999976
1,0.9999542
1,3.848729e-07
1,0.99999976
1,0.99881727
1,0.9968767
1,0.9999933
1,0.9795123
1,0.99997663
1,0.91631156
1,1.00512494e-07
1,0.99998236
1,5.2989606e-05
1,0.99975115
1,0.9998784
1,0.99980265
1,0.99998546
1,0.99934727
1,0.9999753
1,0.0015775063
1,0.9993531
1,0.98134345
1,0.9999989
1,0.9997013
1,0.99999356
1,1.0
1,1.0
1,0.99999917
1,0.99999404
1,1.0
1,0.99999857
1,0.9999999
1,0.2573398
1,0.99999964
1,0.99994385
1,0.9999721
1,0.9063764
1,0.9976047
1,7.15611e-07
1,0.9999994
1,0.04051069
1,0.9913401
1,0.96817845
1,0.012280445
1,0.9857223
1,0.9930877
1,0.9655207
1,0.99998605
1,0.9999993
1,1.0
1,0.0007843673
1,0.9999459
1,0.99952364
1,0.9907211
1,0.99708754
1,0.9969217
1,0.18615493
1,0.9999715
1,0.99847525
1,0.9999999
1,0.98335934
1,7.265391e-06
1,0.98653746
1,0.9999969
1,0.99999833
1,0.91353714
1,7.8925433e-07
1,0.00025134682
1,0.97148705
1,0.029533336
1,0.116544
1,0.99978083
1,0.99947125
1,0.9998097
1,0.9938258
1,0.99999535
1,0.99999726
1,0.9862656
1,1.0
1,0.9999999
1,0.9860535
1,0.9975446
1,0.04519494
1,0.9997147
1,0.011257052
1,1.0
1,0.9999881
1,0.9999622
1,1.3210181e-06
1,0.0008354289
1,0.23058501
1,0.9999968
1,0.9999999
1,0.0043291356
1,0.99992704
1,0.982653
1,0.9985185
1,0.99856794
1,0.97404444
1,0.9999939
1,2.7771102e-07
1,0.99999464
1,1.0
1,0.9998659
1,0.99997556
1,0.98900443
1,0.99933606
1,0.9999994
1,0.9999672
1,0.99992204
1,0.99982375
1,0.9999999
1,0.9448006
1,0.9999987
1,0.9997843
1,0.9999863
1,1.0
1,0.9956251
1,2.1902745e-08
1,0.99998784
1,0.00035320414
1,0.99999523
1,0.9999999
1,1.0
1,1.0
1,0.9843269
1,0.99997354
1,0.9930615
1,0.9999496
1,0.99996316
1,1.0
1,0.9999503
1,0.9726512
1,0.9999999
1,1.7059818e-09
1,0.94846547
1,0.0074599055
1,0.9722334
1,0.0019352565
1,1.048651e-07
1,0.9987766
1,0.999977
1,0.999998
1,0.8641643
1,0.99989665
1,0.9999989
1,0.5113889
1,0.9995704
1,0.9990677
1,0.99999845
1,1.0
1,0.019265456
1,0.9999342
1,1.8729103e-05
1,0.9999999
1,1.0
1,0.39974025
1,0.99999917
1,0.9999881
1,6.9872105e-05
1,3.758572e-08
1,0.9999969
1,1.0
1,0.99843556
1,0.98742115
1,0.9822457
1,0.8785683
1,0.99999917
1,0.016933097
1,0.3479637
1,9.423096e-08
1,0.99295783
1,3.5779083e-06
1,0.99999344
1,0.99833727
1,0.9982494
1,0.5042786
1,0.9982743
1,0.99999917
1,0.99999166
1,0.9999918
1,1.0
1,0.99999917
1,0.9135389
1,0.99990034
1,0.9999999
1,1.0
1,1.0
1,0.9929115
1,0.99971133
1,0.99999857
1,0.999808
1,0.2666232
1,0.9996617
1,0.9828935
1,0.99993575
1,0.98684466
1,0.99999964
1,0.99999535
1,0.8368687
1,0.99835783
1,0.0023650436
1,0.9999838
1,0.9999963
1,0.4421736
1,0.99999917
1,0.5996896
1,0.8793353
1,0.9999944
1,0.9999964
1,0.998998
1,0.99999976
1,0.99999714
1,0.99994123
1,0.99996173
1,1.4221359e-05
1,0.9999999
1,0.9699313
1,0.99840456
1,1.6353686e-05
1,0.948406
1,0.99999785
1,0.99869615
1,0.9999317
1,0.0002438396
1,0.9943193
1,1.0
1,7.404381e-14
1,0.99998903
1,0.9999925
1,0.9999945
1,0.99939466
1,0.9999745
1,0.8730306
1,0.9999995
1,1.0
1,1.0
1,0.9999987
1,0.9995334
1,0.9858796
1,0.99999297
1,0.99997866
1,0.9999995
1,0.99918026
1,0.999453
1,0.99999976
1,3.1025775e-06
1,0.9999894
1,0.93703413
1,0.9994887
1,0.9999788
1,0.9998678
1,0.00016817021
1,0.9999925
1,2.4066505e-05
1,0.0093323905
1,0.0002310881
1,1.0
1,0.99598855
1,0.50600463
1,0.99999976
1,0.9973334
1,0.99984753
1,0.6870707
1,1.0
1,2.0307314e-07
1,0.032837994
1,0.66456145
1,1.232505e-06
1,0.05260739
1,0.9999944
1,0.0039040444
1,1.0
1,0.9999273
1,0.99999964
1,1.0
1,2.963533e-05
1,0.9999999
1,0.99879885
1,0.99999225
1,0.9999999
1,0.9999708
1,0.99999523
1,0.99998486
1,0.9999999
1,0.99999905
1,0.00024660453
1,0.99999964
1,0.99945074
1,1.565692e-05
1,0.99991786
1,0.47670075
1,0.7718998
1,6.1258966e-06
1,0.49200433
1,0.9998852
1,0.99987435
1,0.99999964
1,0.99991655
1,0.9990758
1,0.5466562
1,0.045754522
1,0.9999969
1,0.99998987
1,4.1347343e-05
1,0.9999989
1,0.99999976
1,0.9999565
1,0.9934861
1,1.508121e-10
1,0.9999995
1,1.0306198e-05
1,0.99994636
1,0.9999231
1,0.9999964
1,0.49728858
1,0.99993443
1,0.9999994
1,0.00053654175
1,0.99999046
1,0.0031701184
1,0.9994646
1,0.012637254
1,0.9912725
1,0.9912642
1,0.9552667
1,0.99999154
1,0.9999995
1,0.99997854
1,0.88877153
1,0.9245957
1,0.99999654
1,0.009293834
1,0.99999964
1,0.0046276203
1,0.99999785
1,0.99995077
1,0.0024103492
1,1.0
1,0.9999975
1,0.9999999
1,0.004327011
1,0.9976088
1,0.9932187
1,1.2187481e-08
1,0.99997413
1,1.0
1,0.99999964
1,0.9999987
1,0.9984969
1,0.9594861
1,0.9999453
1,0.99999344
1,0.9916413
1,4.391127e-05
1,1.0
1,0.999985
1,1.0
1,0.056315474
1,0.02032271
1,0.9999993
1,1.0
1,0.99901474
1,0.9998455
1,0.9991578
1,0.00011591791
1,0.99999523
1,0.1447227
1,0.9999707
1,0.9999995
1,0.9999999
1,0.078616194
1,0.9999839
1,1.0
1,0.9998307
1,0.9999858
1,0.0025297562
1,0.46236742
1,0.99943584
1,0.9977958
1,0.9999989
1,0.9962929
1,0.999946
1,0.9999949
1,0.9999864
1,1.0
1,0.99999976
1,0.98772603
1,0.0002426029
1,0.0008447615
1,0.025925767
1,0.9999999
1,0.9998264
1,0.9999944
1,1.0
1,0.9999552
1,0.9998123
1,0.00025079408
1,7.914033e-08
1,0.99993646
1,0.9992824
1,0.99999964
1,0.9999895
1,3.2813398e-06
1,1.0
1,0.9999999
1,1.0
1,0.99956876
1,0.9999999
1,0.036232617
1,0.785665
1,0.99376327
1,0.9520111
1,0.99998987
1,0.9986743
1,0.0060658823
1,0.99999917
1,0.9999995
1,0.9662247
1,1.0
1,0.9996761
1,0.9999981
1,0.9996151
1,0.9999989
1,0.964584
1,0.11839688
1,0.99995196
1,0.0017003136
1,0.9999716
1,0.5888816
1,0.9999995
1,0.31449753
1,8.0372484e-07
1,0.9966271
1,0.9999949
1,0.9192602
1,0.9999782
1,0.0010896703
1,2.1001615e-05
1,5.0600737e-09
1,0.99988985
1,0.0014576148
1,1.0
1,0.9360091
1,0.9887814
1,1.0
1,0.3752607
1,0.99984646
1,0.012450521
1,0.99992764
1,0.9999962
1,1.0
1,0.99999917
1,0.9999987
1,0.99999154
1,7.874869e-05
1,0.9118964
1,0.041031577
1,6.7151373e-10
1,0.9999459
1,0.013418403
1,1.0
1,1.0
1,0.9998423
1,1.0
1,1.0
1,0.93206424
1,0.9999931
1,1.0
1,0.0054118796
1,0.99999964
1,0.9987973
1,0.9941047
1,0.99995553
1,0.00045130635
1,0.02524688
1,0.009574138
1,0.8936128
1,0.99977416
1,3.622637e-05
1,0.99992585
1,0.00277865
1,0.9999976
1,6.510226e-09
1,0.99791497
1,2.4702015e-07
1,0.99999475
1,0.9999355
1,0.20040181
1,0.99908173
1,1.0
1,0.99997234
1,0.032595012
1,0.99999225
1,0.0018263385
1,0.99975723
1,0.99973744
1,0.9999956
1,0.9998292
1,0.9998574
1,5.114675e-06
1,0.9999131
1,0.99999607
1,0.00030563524
1,0.9998697
1,0.9999877
1,0.9471185
1,0.98854107
1,0.83177227
1,0.999889
1,8.1019774e-05
1,0.98908675
1,0.9991411
1,0.99877256
1,8.314257e-07
1,1.0165129e-05
1,0.08630563
1,0.99999404
1,0.99537873
1,0.99998057
1,0.99996996
1,0.99826837
1,0.57111424
1,0.00025999252
1,0.9999989
1,0.9999993
1,0.998486
1,0.99844825
1,0.99987376
1,0.9994117
1,0.99998343
1,0.9996457
1,0.93735373
1,0.95089746
1,0.99989426
1,0.8491109
1,0.999803
1,0.0069845375
1,0.9971819
1,0.9999379
1,0.9766698
1,0.9999201
1,0.001426927
1,1.0
1,0.9999925
1,0.9995072
1,0.99999917
1,1.0
1,1.0
1,0.27335516
1,0.99982136
1,0.95887154
1,0.9999999
1,0.99987197
1,0.99999
1,0.9999945
1,9.606124e-09
1,0.009566738
1,0.7469491
1,0.99980766
1,0.99720407
1,0.99989426
1,0.99999917
1,0.9948231
1,0.9999515
1,0.6400729
1,1.0
1,0.5849281
1,0.999959
1,0.9999361
1,5.5792912e-05
1,3.309647e-06
1,0.9999503
1,0.999134
1,4.173152e-07
1,4.155721e-05
1,1.0
1,0.9999918
1,0.036445867
1,0.99994373
1,0.99998474
1,0.999967
1,9.842681e-07
1,0.9999989
1,0.99996495
1,0.99999964
1,0.9980275
1,5.2628757e-10
1,0.9998472
1,0.99999595
1,1.0
1,2.1422602e-06
1,0.99629813
1,0.9655246
1,0.9993149
1,0.95861393
1,0.9999659
1,0.9951975
1,1.5861324e-05
1,0.9842078
1,0.0025071918
1,0.9999999
1,0.61449915
1,0.995589
1,0.0067471936
1,0.99999976
1,0.9999999
1,0.9999981
1,0.9994235
1,0.9999994
1,4.203202e-06
1,0.99999964
1,0.99994206
1,3.5342935e-05
1,0.9998148
1,0.99999213
1,0.06379032
1,0.6183339
1,0.9999999
1,3.0086684e-07
1,0.9999982
1,0.048778832
1,0.69395983
1,1.0
1,6.8321215e-06
1,2.5623562e-08
1,0.9999993
1,0.006574073
1,0.965924
1,8.6800916e-05
1,3.0370195e-06
1,0.9925648
1,0.99999976
1,0.01333692
1,0.99997485
1,0.9875496
1,0.99769527
1,1.0
1,0.99982363
1,0.99999833
1,0.9999969
1,0.9988637
1,0.99649674
1,0.9998374
1,0.8536211
1,0.99782205
1,0.99987566
1,0.9999244
1,0.9999993
1,0.9998548
1,0.99999917
1,0.99999833
1,0.99555886
1,0.99668676
1,7.2554843e-07
1,0.957254
1,0.6076599
1,0.9999995
1,0.99999964
1,0.99999917
1,0.9781578
1,0.9999895
1,0.9999368
1,0.99580824
1,1.0
1,0.9999995
1,1.0
1,0.0014807879
1,1.0
1,0.99985313
1,0.9967795
1,0.98723465
1,7.506196e-06
1,0.9994043
1,0.0014681498
1,1.0
1,0.9998078
1,0.99999166
1,0.9327467
1,0.99991274
1,1.0
1,0.9999999
1,0.26528212
1,0.9999995
1,0.99987054
1,1.0
1,0.99999905
1,0.39680955
1,0.006867107
1,1.0
1,0.9999988
1,1.0
1,0.9365344
1,0.99999905
1,0.99988115
1,0.9754479
1,0.7900313
1,0.99469733
1,0.99999964
1,0.004887455
1,0.9999999
1,0.111314036
1,0.96687317
1,0.9999999
1,0.99999785
1,0.9999994
1,0.9999393
1,0.9999999
1,1.0
1,0.99999964
1,0.9999995
1,0.00097129383
1,0.99999964
1,0.999933
1,0.9997639
1,0.0012260852
1,0.99999917
1,0.9999999
1,0.96082735
1,0.99990606
1,3.686596e-07
1,0.970603
1,0.99403644
1,0.99992144
1,0.9915753
1,0.9951245
1,0.9999987
1,0.426614
1,0.5973755
1,1.0
1,0.99999857
1,0.9993824
1,0.9979919
1,0.9999949
1,0.00056126475
1,1.0
1,0.99981946
1,0.9999994
1,0.99996233
1,0.9925961
1,0.99999964
1,0.250269
1,0.8154158
1,0.9999993
1,0.3689415
1,0.98864555
1,0.5378847
1,0.60378534
1,0.87636536
1,0.99990547
1,0.9999999
1,0.9999995
1,0.9999894
1,0.99981195
1,0.9999999
1,0.999992
1,0.23706324
1,0.9999988
1,0.5819089
1,0.9999951
1,0.9999999
1,0.9999949
1,0.64420074
1,0.9999999
1,0.9999951
1,0.99990785
1,0.9999312
1,0.99998116
1,3.274368e-05
1,0.9999964
1,0.9999999
1,0.9997589
1,0.00063081103
1,0.99665797
1,0.99999523
1,0.99999905
1,0.9989704
1,0.99999857
1,0.5536904
1,0.9999294
1,0.99999833
1,0.99970204
1,0.9999957
1,1.0
1,0.99999785
1,0.9999919
1,0.9999869
1,0.9999975
1,0.026974503
1,0.9999815
1,0.99995804
1,0.99976856
1,0.000698973
1,0.9999958
1,0.00767151
1,0.9999999
1,0.99999774
1,0.0019921379
1,0.84315836
1,0.7445497
1,0.22081733
1,1.4502069e-06
1,0.932118
1,0.9999933
1,0.9949726
1,0.99999964
1,1.0
1,1.0
1,0.99786144
1,0.013524303
1,0.00046724605
1,0.99999535
1,1.0
1,0.99999344
1,0.9997408
1,1.0
1,0.9998554
1,0.9998938
1,1.7278418e-06
1,3.5764958e-07
1,0.0005600063
1,0.99998605
1,0.9923133
1,0.99552864
1,8.086132e-08
1,0.9999968
1,0.9999931
1,0.9032889
1,0.923827
1,0.9999982
1,0.9999957
1,0.98978126
1,1.578887e-05
1,0.9998387
1,0.9893853
1,0.13988806
1,1.0
1,0.18808757
1,0.99893683
1,0.9986125
1,1.7974766e-06
1,1.0
1,0.999954
1,0.0070734774
1,0.9999021
1,0.99993074
1,1.0
1,0.9999925
1,0.99999905
1,0.9999988
1,0.99999774
1,0.9999951
1,0.99989057
1,0.9988815
1,0.95622367
1,1.0
1,0.047971908
1,0.96984696
1,0.99999905
1,0.9999999
1,0.99924076
1,0.999509
1,0.99971145
1,0.94411
1,3.3531518e-07
1,1.0
1,0.9999839
1,0.9999702
1,5.4008248e-12
1,0.9999975
0,2.2801373e-08
0,1.2136904e-07
0,2.3199116e-09
0,5.150612e-09
0,0.00025248868
0,9.723669e-07
0,5.417218e-05
0,5.6311444e-05
0,0.67374694
0,9.3941554e-07
0,1.4425437e-10
0,3.772283e-07
0,5.108071e-07
0,2.990997e-05
0,2.4297117e-07
0,0.0005405054
0,5.05913e-08
0,0.12455992
0,2.7027824e-07
0,0.11908352
0,3.3039466e-08
0,2.0222242e-05
0,3.7038512e-09
0,4.609129e-06
0,6.6762856e-05
0,1.3164269e-08
0,0.09779097
0,1.3034249e-08
0,0.7736757
0,6.7688926e-09
0,7.667121e-08
0,0.17548826
0,0.0003765094
0,5.211868e-06
0,1.4427784e-06
0,1.947974e-06
0,0.9981604
0,0.0060011805
0,1.2538462e-06
0,2.757629e-05
0,1.3436217e-14
0,8.041312e-06
0,0.99424815
0,7.6543976e-05
0,0.16979174
0,0.0005941378
0,4.0521077e-14
0,2.3491672e-05
0,0.0015872258
0,0.01777537
0,5.748279e-13
0,2.1534772e-08
0,2.3666347e-08
0,0.99967957
0,3.0812426e-09
0,0.00010163478
0,5.3387286e-08
0,0.6674378
0,2.7353975e-05
0,0.9769334
0,0.0002657563
0,0.9792234
0,0.00032888452
0,1.4373159e-08
0,6.5031522e-09
0,3.450995e-07
0,0.0017777178
0,0.5646327
0,1.7328503e-07
0,1.6617754e-08
0,0.007915904
0,1.1444248e-07
0,0.23947456
0,7.8314944e-05
0,4.0349227e-05
0,9.139239e-07
0,1.0950782e-08
0,0.0003296363
0,0.043996792
0,5.129641e-09
0,0.026392587
0,7.8994935e-06
0,3.053004e-07
0,0.018018499
0,1.489632e-11
0,4.391428e-11
0,3.4361358e-06
0,4.616511e-06
0,0.0001121329
0,3.901415e-06
0,1.1342569e-09
0,7.261314e-08
0,1.875064e-08
0,0.91517717
0,6.4800415e-11
0,4.635278e-06
0,0.00041941414
0,0.62440085
0,1.4447831e-09
0,1.724747e-05
0,6.1438776e-08
0,0.9999912
0,1.7043018e-11
0,8.96943e-09
0,1.9084076e-05
0,2.1920192e-10
0,0.0012243895
0,5.163879e-07
0,8.532477e-05
0,0.9187436
0,2.4075503e-05
0,4.9548704e-10
0,1.6684085e-05
0,2.1862254e-06
0,1.254674e-06
0,9.794729e-09
0,0.1719514
0,1.5717485e-06
0,4.9114806e-05
0,0.9467754
0,9.305959e-09
0,0.03954374
0,0.9915998
0,0.00037764062
0,9.16212e-09
0,2.6627017e-08
0,3.906559e-05
0,0.001993368
0,1.1099834e-06
0,2.7067677e-05
0,0.00017166155
0,1.723067e-05
0,5.819004e-06
0,9.895174e-08
0,0.68277365
0,5.6422396e-09
0,2.4814482e-05
0,0.0026577346
0,3.6729486e-07
0,5.2269447e-09
0,7.632775e-06
0,0.89799607
0,0.0011057684
0,1.8564052e-07
0,0.043507133
0,0.0003959504
0,3.8523606e-07
0,0.92108333
0,0.00037586025
0,7.4673176e-12
0,5.1075986e-08
0,0.00010964442
0,2.8149796e-07
0,0.134716
0,2.8113232e-11
0,3.8281271e-07
0,3.7768226e-07
0,4.3798595e-06
0,6.037108e-05
0,9.78969e-08
0,9.10287e-11
0,3.7862307e-08
0,9.311674e-06
0,3.0200052e-08
0,0.22760925
0,1.6772616e-11
0,5.7142962e-08
0,3.3783046e-13
0,0.00024740762
0,4.1354753e-07
0,0.00012584073
0,9.648359e-07
0,1.5441325e-10
0,0.0038229327
0,0.8746856
0,3.5171635e-10
0,0.625154
0,0.999892
0,0.12674874
0,2.5570635e-05
0,1.7980346e-05
0,0.00034281352
0,5.2477325e-09
0,3.2785266e-07
0,5.6331032e-06
0,4.2891206e-05
0,0.114358306
0,0.00034224856
0,9.357544e-08
0,0.029092513
0,5.490452e-06
0,8.527106e-14
0,4.060639e-05
0,2.8359266e-06
0,0.101548895
0,4.1969256e-06
0,3.40072e-08
0,5.552855e-07
0,1.3244611e-08
0,9.193481e-07
0,1.5615319e-06
0,6.677013e-14
0,2.4903027e-05
0,8.597514e-13
0,0.5800977
0,2.4446443e-05
0,4.0103193e-10
0,2.5416011e-05
0,0.00041126803
0,2.5832927e-10
0,1.5431977e-08
0,0.0024402947
0,0.03623261
0,9.687523e-13
0,0.0031588916
0,8.408211e-05
0,8.092184e-11
0,7.8462997e-10
0,5.390269e-06
0,8.7238805e-05
0,0.00010081826
0,0.00020707952
0,1.06426985e-10
0,1.9199801e-06
0,3.486837e-06
0,0.001772033
0,0.21955574
0,2.3887736e-09
0,0.9998665
0,0.999358
0,2.8765899e-09
0,3.7692946e-05
0,0.0019448253
0,2.6990068e-11
0,3.3188488e-05
0,0.8673579
0,1.9289723e-09
0,3.217782e-10
0,8.4894324e-08
0,1.1208969e-09
0,1.4368576e-05
0,0.004544211
0,0.002436188
0,2.1344313e-06
0,0.92092
0,0.12578806
0,1.4493399e-09
0,8.3722324e-10
0,0.011801375
0,6.3317007e-06
0,1.4798409e-09
0,0.9995419
0,4.522377e-07
0,0.006771123
0,3.8980874e-13
0,1.2720792e-10
0,9.150447e-05
0,2.6479076e-05
0,0.019759223
0,0.0022648964
0,0.0001401979
0,1.666175e-06
0,0.0001784417
0,2.862097e-07
0,8.598808e-06
0,0.0031009542
0,9.201765e-10
0,7.7152583e-07
0,4.8167412e-06
0,0.0004617511
0,6.150646e-11
0,0.06897196
0,0.00028572817
0,0.0030036648
0,7.885146e-09
0,8.381267e-08
0,0.018350357
0,3.0521676e-08
0,1.2156185e-06
0,0.9999949
0,0.0021262688
0,2.5564976e-05
0,0.52734965
0,0.12162832
0,9.324259e-09
0,3.3523424e-08
0,5.1897063e-11
0,0.814133
0,9.157675e-07
0,4.7672915e-09
0,8.8329165e-07
0,2.2401762e-08
0,0.0006636752
0,0.00080332696
0,4.6835556e-08
0,8.4649124e-05
0,1.04446265e-08
0,1.0157401e-07
0,0.00021870428
0,1.5163556e-05
0,0.00015100608
0,9.719881e-06
0,6.8690665e-06
0,8.815599e-08
0,4.3662403e-05
0,0.000113637194
0,1.08944405e-05
0,1.24701655e-05
0,1.354226e-08
0,0.00020561376
0,0.9984705
0,2.118708e-06
0,9.502277e-06
0,6.9786693e-06
0,1.1455792e-05
0,1.0279491e-06
0,0.00012868547
0,0.80771995
0,6.196315e-09
0,1.1612269e-05
0,1.4392491e-07
0,0.00014164158
0,0.0031995925
0,2.8737273e-09
0,3.1074643e-07
0,0.00032136455
0,0.00040484624
0,0.0051128175
0,0.0013549539
0,0.00026210933
0,0.99512875
0,3.479089e-08
0,0.00031777527
0,3.733658e-07
0,5.8640723e-08
0,1.07743496e-07
0,1.527593e-10
0,9.2361296e-07
0,4.12279e-06
0,0.0001450927
0,0.97459024
0,0.0017596679
0,0.00050280953
0,4.3620726e-06
0,0.7959712
0,1.2076812e-06
0,5.2813866e-06
0,1.0742683e-08
0,1.9209288e-08
0,3.7746632e-09
0,1.8674975e-06
0,1.3793475e-07
0,0.00011455404
0,2.075364e-12
0,2.1878854e-05
0,9.524238e-05
0,1.059541e-05
0,3.2655157e-06
0,0.051049393
0,8.156146e-08
0,0.0070367195
0,0.011460788
0,0.00038906457
0,3.255168e-06
0,9.9003355e-06
0,0.0012119042
0,1.8488556e-07
0,2.3811646e-08
0,4.2526165e-07
0,0.44943827
0,5.36917e-07
0,9.731698e-08
0,2.1504836e-07
0,0.00044135412
0,9.846108e-07
0,1.2844849e-07
0,2.4984354e-07
0,2.026091e-11
0,0.00010716137
0,0.8318244
0,0.10574025
0,0.0056795888
0,0.018609567
0,0.001650997
0,0.006089603
0,0.00019249419
0,9.355307e-06
0,2.2421884e-09
0,4.868126e-10
0,6.004669e-08
0,0.050942328
0,4.084886e-05
0,0.006329891
0,9.949392e-06
0,2.7193454e-11
0,0.00017505034
0,0.0008468376
0,0.99569196
0,0.07391858
0,0.9945623
0,1.701123e-05
0,0.0023468728
0,0.002535976
0,5.3474345e-05
0,5.7592074e-06
0,0.7066833
0,1.997911e-06
0,2.2503664e-05
0,0.001825207
0,0.0017261073
0,3.4296127e-10
0,0.008195748
0,0.0048449384
0,2.4651188e-09
0,0.3180233
0,0.9525918
0,7.9616114e-10
0,2.0303885e-05
0,4.7315257e-07
0,0.011714067
0,0.960774
0,2.3555506e-09
0,8.569664e-06
0,5.202946e-05
0,0.0006185392
0,0.007548627
0,7.681682e-09
0,1.6921062e-08
0,4.4297552e-11
0,0.00016423946
0,9.9744184e-08
0,0.0032534022
0,4.958345e-07
0,2.268343e-08
0,0.1680659
0,2.0620808e-05
0,1.1251473e-08
0,0.7621927
0,6.399708e-08
0,0.57498795
0,0.99610245
0,3.5727257e-06
0,0.5355915
0,1.1984158e-05
0,3.2633675e-06
0,1.5612304e-12
0,0.00013708876
0,6.143221e-08
0,4.1266608e-06
0,0.99949527
0,5.537484e-06
0,3.9993036e-05
0,4.9514085e-07
0,3.8362887e-05
0,5.4393468e-06
0,1.5640115e-08
0,6.080331e-08
0,4.3386592e-07
0,5.927914e-08
0,0.168098
0,0.15442862
0,3.3287714e-07
0,0.0061411355
0,7.092007e-09
0,0.33706483
0,0.9998785
0,0.00070877245
0,1.0229645e-06
0,0.9936249
0,5.966083e-05
0,2.3732764e-06
0,0.0019143141
0,1.1995944e-06
0,8.15307e-11
0,1.3403026e-07
0,0.0002995252
0,0.35553163
0,6.1734713e-06
0,3.6467969e-09
0,0.81681067
0,0.0047377315
0,0.002165214
0,4.3031264e-07
0,6.274559e-06
0,1.8912596e-08
0,5.123165e-05
0,2.8510485e-09
0,4.0262283e-11
0,4.5629264e-07
0,0.9931136
0,4.588561e-09
0,8.640854e-08
0,0.011309355
0,2.0707853e-08
0,0.8071084
0,6.505903e-10
0,6.910541e-08
0,3.5331814e-05
0,7.764903e-05
0,0.10965057
0,3.494056e-07
0,1.0965864e-05
0,8.138652e-06
0,9.0342655e-12
0,4.6146753e-05
0,2.2269745e-07
0,8.256387e-07
0,0.015124718
0,2.3209688e-07
0,3.0573083e-05
0,0.033946365
0,1.8262104e-12
0,0.047274135
0,1.7636437e-07
0,7.9729405e-05
0,1.10614004e-10
0,3.7023729e-10
0,0.052574843
0,0.9824728
0,4.4295252e-08
0,0.00053640985
0,2.8854505e-05
0,1.0900988e-05
0,4.367565e-10
0,0.48230502
0,0.9985997
0,0.006906225
0,4.2689243e-09
0,1.6020133e-09
0,0.00016745272
0,3.259647e-09
0,0.10517804
0,2.9884413e-06
0,0.00014136093
0,1.7587394e-07
0,0.016665015
0,2.3872285e-10
0,0.80079144
0,4.9043916e-09
0,0.0026783426
0,0.0008677813
0,0.42475024
0,0.11434626
0,0.003131744
0,0.16335447
0,7.622123e-07
0,0.99487466
0,0.00016737545
0,0.0069757095
0,0.03681268
0,6.920288e-08
0,1.5020223e-08
0,0.00046568247
0,5.3875037e-06
0,0.08209497
0,0.011797066
0,2.3757177e-05
0,1.2819802e-06
0,0.000110210356
0,1.4916088e-10
0,0.9996531
0,2.477948e-06
0,0.5572744
0,6.187555e-08
0,6.8270543e-07
0,1.9659291e-10
0,0.0006205959
0,3.969289e-09
0,0.00011989283
0,4.0136056e-06
0,1.2834579e-06
0,6.964728e-08
0,1.7289893e-05
0,3.5983013e-12
0,1.8040079e-09
0,6.9034733e-10
0,5.0217077e-06
0,0.005250813
0,4.162717e-06
0,0.006155188
0,0.08605379
0,4.09653e-09
0,0.17387624
0,0.00014142835
0,0.0004436454
0,4.0938207e-06
0,0.45220384
0,4.2244487e-06
0,0.95556283
0,5.3115335e-05
0,4.8389213e-09
0,4.4054555e-06
0,0.98907286
0,9.5327105e-06
0,1.6291153e-06
0,5.9769456e-09
0,0.00039806715
0,9.017125e-06
0,2.7934966e-06
0,0.00029014453
0,5.8276414e-13
0,8.503419e-08
0,0.021910142
0,1.1483197e-08
0,4.945091e-13
0,4.407777e-10
0,1.0035475e-09
0,0.02045304
0,0.0017682019
0,0.00078818365
0,1.4623239e-05
0,2.0371793e-09
0,0.23250914
0,1.167283e-06
0,0.07974936
0,4.9099635e-05
0,9.757551e-06
0,2.889545e-07
0,5.6531107e-08
0,0.9872915
0,0.0009742643
0,1.561423e-05
0,0.00025810607
0,0.0007155723
0,2.1453217e-13
0,1.6319627e-05
0,0.0001623169
0,0.004367028
0,4.0226873e-06
0,5.4697197e-05
0,1.0526932e-05
0,2.9252967e-09
0,0.22356538
0,2.5635671e-09
0,0.00011276651
0,0.8343855
0,2.0519055e-05
0,2.3705416e-06
0,1.42923495e-08
0,5.2296866e-13
0,4.8030065e-12
0,3.8269297e-07
0,1.1990067e-05
0,2.7596695e-07
0,0.00014645251
0,0.03226212
0,2.6639004e-08
0,0.00035062156
0,0.00011744531
0,9.547526e-09
0,0.07282496
0,3.982193e-06
0,0.99855286
0,0.00032483696
0,1.22692045e-05
0,5.1803534e-10
0,1.5619743e-07
0,0.9606991
0,0.00016584338
0,1.3490896e-09
0,2.6286534e-07
0,4.449354e-09
0,0.009353853
0,0.9985769
0,2.939698e-10
0,6.7496608e-06
0,0.008861294
0,0.00044259487
0,1.0693292e-06
0,5.298811e-11
0,9.2345005e-07
0,4.763024e-11
0,0.0010250806
0,0.0021862097
0,4.7467238e-05
0,0.0012872252
0,0.885183
0,4.9815217e-08
0,5.262394e-10
0,2.7959142e-05
0,0.007356335
0,0.31592605
0,0.02759647
0,0.0020296634
0,0.57386833
0,0.693734
0,0.99979347
0,0.15938866
0,0.08496462
0,0.006271478
0,3.129677e-08
0,1.760647e-05
0,4.7523322e-08
0,7.040128e-05
0,8.5908863e-07
0,0.5717849
0,0.14334401
0,1.4133986e-06
0,2.486169e-09
0,1.1232243e-07
0,1.7921613e-10
0,7.507244e-09
0,5.2507363e-09
0,2.4875416e-07
0,2.7319777e-06
0,2.573593e-07
0,1.3243078e-06
0,7.644076e-05
0,1.2927255e-05
0,0.13863844
0,1.7168237e-06
0,4.820868e-05
0,0.00050911115
0,3.9639035e-06
0,1.5144144e-09
0,2.067333e-11
0,9.474479e-06
0,0.06268119
0,5.7524055e-08
0,2.22061e-07
0,2.620701e-06
0,1.6807195e-05
0,6.492298e-07
0,1.9116706e-08
0,1.3773574e-07
0,6.742968e-07
0,4.252541e-06
0,5.8225346e-06
0,0.1199467
0,0.87840086
0,5.2421022e-08
0,4.633373e-06
0,4.258834e-07
0,1.5020186e-07
0,8.5051056e-08
0,8.94328e-08
0,6.068044e-07
0,2.043886e-06
0,2.5951265e-06
0,0.019845298
0,0.06302358
0,1.4988057e-08
0,3.7995556e-05
0,0.81372404
0,1.1099087e-09
0,0.0
0,2.883811e-11
0,4.511605e-11
0,1.6976452e-05
0,0.010728211
0,0.0037869774
0,3.251735e-07
0,0.0036624486
0,0.99985564
0,1.1137475e-06
0,3.6401427e-05
0,7.602733e-05
0,6.069587e-09
0,8.271895e-06
0,1.5001176e-09
0,2.0584585e-09
0,0.10191448
0,1.0097689e-05
0,2.1473085e-08
0,4.836197e-06
0,6.906221e-15
0,2.4296696e-05
0,3.82079e-05
0,0.14070995
0,3.0091612e-06
0,6.265688e-08
0,1.4342741e-05
0,2.3384539e-05
0,0.018691307
0,0.11594746
0,5.0604176e-06
0,3.4443149e-06
0,2.8125237e-08
0,8.828102e-08
0,0.003913816
0,0.00032680042
0,1.6115499e-10
0,0.9998406
0,0.9999939
0,0.0027270515
0,0.00043715246
0,3.1142072e-08
0,0.015971491
0,0.9541119
0,7.5387345e-07
0,3.162935e-08
0,1.3634352e-06
0,1.4208057e-07
0,0.0010242928
0,0.0057035787
0,0.19220844
0,2.1537521e-06
0,0.99650663
0,0.00014343017
0,0.50703025
0,1.2588281e-06
0,0.96374553
0,1.2674993e-10
0,4.8724898e-05
0,1.05055245e-08
0,4.5003722e-05
0,4.9706923e-06
0,9.14202e-06
0,0.00027484668
0,0.0016816916
0,0.074819125
0,2.6499321e-13
0,2.302074e-08
0,0.0014171272
0,0.0008157701
0,0.00014239547
0,6.4045616e-07
0,1.720813e-08
0,8.209589e-11
0,0.0010781008
0,0.00059113425
0,1.2848791e-05
0,4.6780524e-06
0,8.2673e-07
0,0.00032417706
0,1.3864924e-10
0,0.9998049
0,2.9142057e-11
0,8.760032e-09
0,3.4732945e-08
0,5.4143577e-08
0,3.045355e-06
0,7.988324e-13
0,0.0001547948
0,0.0005156413
0,8.3652407e-10
0,5.0965e-07
0,0.00034747462
0,0.1037889
0,1.8356332e-07
0,0.0007881709
0,8.0360456e-07
0,0.00050326576
0,1.1583578e-05
0,3.5537234e-06
0,4.1471412e-10
0,3.810697e-08
0,3.3394084e-05
0,0.3794291
0,4.730127e-06
0,0.01887549
0,3.550927e-10
0,0.0008842684
0,0.008064375
0,0.00030943178
0,4.850937e-06
0,0.002293338
0,0.0136057045
0,1.6212313e-07
0,2.0243042e-05
0,0.00024737362
0,0.0012488437
0,0.00019359047
0,9.471279e-08
0,2.4492285e-06
0,0.027652731
0,2.612028e-06
0,0.9732205
0,0.9354104
0,7.2721656e-07
0,3.726401e-06
0,9.490426e-07
0,8.151004e-07
0,0.008267926
0,2.4155427e-06
0,0.41577044
0,7.9901866e-07
0,8.9767804e-05
0,0.67192394
0,3.2503653e-05
0,4.335683e-06
0,2.7119166e-08
0,0.6115224
0,2.0972953e-05
0,0.9476955
0,0.00019742413
0,5.900851e-08
0,7.467667e-10
0,0.00049821264
0,0.8481236
0,1.2198003e-05
0,1.6072841e-05
0,5.2028718e-05
0,2.2506504e-07
0,1.1764629e-06
0,1.751759e-07
0,1.7681008e-05
0,9.821498e-09
0,1.6034883e-06
0,0.0046519274
0,1.2100344e-08
0,2.3742222e-11
0,2.1195e-06
0,2.5940327e-07
0,0.7186936
0,2.3143125e-06
0,9.744296e-05
0,3.0411625e-15
0,0.00024538726
0,7.52869e-07
0,1.194438e-06
0,0.016540125
0,2.0725506e-09
0,1.8581335e-05
0,1.4676308e-12
0,6.99797e-07
0,0.0064760507
0,0.0006163642
0,2.7786255e-06
0,0.9883989
0,2.653859e-08
0,0.0002478458
0,0.022442052
0,1.0403788e-08
0,4.3260625e-05
0,1.8471033e-08
0,0.003000596
0,0.0036157833
0,5.87517e-11
0,3.217677e-06
0,0.87616795
0,0.0010404647
0,1.8129427e-08
0,0.00010819916
0,0.648848
0,6.3751037e-07
0,0.0560878
0,0.011283344
0,5.7976325e-05
0,1.8414737e-05
0,1.3920878e-08
0,0.09681588
0,0.42884058
0,7.239481e-11
0,3.9278875e-10
0,2.7171565e-05
0,0.96898186
0,0.6310952
0,1.2791477e-07
0,0.22139297
0,1.51407385e-05
0,1.3794702e-06
0,0.00012333188
0,0.19764648
0,2.2590929e-07
0,0.65216726
0,1.6343778e-08
0,0.9932226
0,4.7362697e-05
0,2.8092983e-10
0,0.9093592
0,0.00031748458
0,1.6488592e-08
0,0.9937045
0,1.537251e-09
0,0.0075762444
0,1.6607842e-06
0,0.99962115
0,1.1402573e-08
0,0.07075437
0,1.9184537e-08
0,0.0008948023
0,3.8649745e-08
0,0.00012981353
0,0.70947206
0,1.0897618e-06
0,6.965145e-07
0,8.265597e-07
0,6.4918703e-07
0,5.9851334e-07
0,0.00064669
0,1.6727854e-06
0,0.0003383497
0,4.9303225e-07
0,0.8074591
0,2.9885812e-06
0,2.1955195e-08
0,1.0095402e-07
0,0.00011903709
0,0.9953839
0,0.18274167
0,5.56583e-06
0,0.1265227
0,4.482872e-07
0,5.193096e-07
0,4.0111405e-05
0,3.5965037e-05
0,9.655473e-07
0,0.00016948378
0,0.99961436
0,1.9281604e-06
0,0.5921457
0,2.4742696e-05
0,2.0848732e-09
0,5.518066e-14
0,4.8932043e-06
0,7.0077384e-09
0,1.9450314e-10
0,3.9281463e-08
0,0.0005043184
0,2.4306433e-07
0,1.1095357e-05
0,3.1712252e-06
0,0.0002450819
0,8.038674e-06
0,3.5643595e-08
0,4.077042e-13
0,6.860889e-07
0,7.2295056e-06
0,3.0891425e-11
0,6.8052692e-09
0,5.4354963e-08
0,0.001960355
0,6.9143087e-09
0,1.6005847e-08
0,9.7790165e-05
0,2.1977638e-07
0,0.00017576569
0,2.6583572e-05
0,9.432821e-07
0,2.2694232e-07
0,0.5911545
0,1.8584707e-09
0,0.00013326896
0,0.016418457
0,2.7303186e-06
0,1.2279946e-07
0,4.8789084e-06
0,1.5514226e-12
0,0.00026383004
0,0.0027019805
0,8.504055e-11
0,0.00067798916
0,3.9166494e-05
0,0.99949205
0,0.00029803006
0,0.004145149
0,0.11088252
0,1.3920851e-05
0,4.904073e-09
0,0.0076671042
0,6.0241355e-06
0,2.1651696e-05
0,2.4075227e-13
0,6.398255e-07
0,0.00010646257
0,3.039778e-05
0,1.0209251e-09
0,1.654988e-07
0,0.002894362
0,4.4090376e-14
0,1.9971405e-09
0,4.6039396e-08
0,3.302353e-07
0,4.50464e-05
0,0.001041902
0,0.034662314
0,3.7153822e-10
0,9.192256e-14
0,1.02286695e-08
0,2.4606794e-09
0,1.1948751e-11
0,1.337218e-07
0,0.0004923787
0,2.167471e-06
0,5.4076435e-07
0,0.012192054
0,2.6497653e-06
0,4.904782e-07
0,5.2747745e-10
0,0.004556765
0,1.0527002e-05
0,1.0
0,0.0020748836
0,2.569633e-05
0,3.2793684e-11
0,0.016724765
0,7.4619277e-07
0,1.0429238e-12
0,0.00076434633
0,8.417598e-09
0,5.0222116e-07
0,0.005595921
0,0.0008773959
0,5.890137e-11
0,2.9899018e-05
0,2.4841262e-05
0,0.117169015
0,2.1868182e-08
0,0.97293705
0,3.8444027e-12
0,0.9525851
0,7.2553163e-09
0,0.0023522838
0,1.1205521e-05
0,5.170685e-07
0,0.26258737
0,4.3502246e-06
0,0.35908154
0,2.9547323e-06
0,0.93485516
0,1.5451872e-10
0,0.0019988983
0,5.1456848e-08
0,1.9694403e-08
0,1.6695815e-08
0,5.8243004e-06
0,0.00087411905
0,0.9998735
0,6.727636e-07
0,7.664535e-05
0,0.51036316
0,0.0011367428
0,3.4204063e-11
0,0.7514226
0,4.897672e-08
0,1.6740615e-12
0,1.6041092e-07
0,0.0021572772
0,4.642157e-06
0,0.47477275
0,0.027168445
0,1.4463425e-06
0,0.0008410231
0,3.7549219e-06
0,4.022803e-08
0,0.9994134
0,2.2022964e-06
0,4.4839666e-07
0,8.562805e-09
0,1.0032437e-08
0,0.32386917
0,0.053462863
0,1.9475615e-06
0,0.030226562
0,0.9999831
0,0.0028903875
0,5.922065e-06
0,8.844075e-09
0,0.58552116
0,2.2810807e-06
0,8.769605e-05
0,0.008991686
0,1.1041402e-09
0,0.036198836
0,0.036786206
0,0.20086962
0,0.00025552337
0,1.8747135e-08
0,2.903013e-07
0,0.103340186
0,0.015023016
0,1.0163462e-05
0,2.2041982e-06
0,3.5593465e-07
0,3.0745972e-09
0,0.006478171
0,1.9146271e-11
0,1.6507132e-06
0,0.11949614
0,0.144447
0,4.2074527e-05
0,0.00049078604
0,6.2968797e-10
0,4.16225e-07
0,1.0575864e-13
0,5.3773598e-05
0,6.1698296e-07
0,4.8033617e-09
0,0.31235865
0,0.0023377247
0,0.063794546
0,9.525394e-08
0,7.923373e-07
0,3.9451438e-09
0,7.5975277e-07
0,0.0061118547
0,0.0017179069
0,3.316129e-07
0,5.9120025e-16
0,0.9020622
0,0.15766649
0,1.3920398e-08
0,0.005168582
0,0.0017905436
0,4.265426e-08
0,0.00018635436
0,0.001174999
0,0.45368272
0,0.16924484
0,7.3409745e-07
0,0.710339
0,8.9237095e-10
0,9.04353e-06
0,2.878658e-06
0,1.0884689e-05
0,5.854891e-10
0,0.99819106
0,6.5141412e-12
0,1.7804021e-08
0,0.00049562217
0,7.2518437e-06
0,2.4716076e-08
0,2.5634945e-05
0,2.3373132e-09
0,0.84442997
0,0.9255344
0,5.833228e-06
0,0.00017944121
0,0.00021880337
0,1.6399366e-07
0,2.5467985e-08
0,0.18928173
0,1.9430796e-05
0,5.8646933e-06
0,0.00017803484
0,1.0431135e-05
0,0.014612572
0,2.3563427e-08
0,1.5504045e-09
0,0.0060625197
0,1.214959e-06
0,0.065925635
0,0.00034463414
0,0.96103185
0,2.9822417e-13
0,1.4456336e-06
0,5.0820415e-08
0,4.4106427e-11
0,6.3827997e-12
0,1.5709168e-09
0,0.00445693
0,0.0021805915
0,0.4047585
0,7.7826024e-07
0,7.692844e-05
0,4.307086e-09
0,6.980141e-08
0,1.6401784e-10
0,1.0369443e-05
0,4.9533763e-05
0,0.0012995482
0,1.1315257e-09
0,0.0002266778
0,2.2786868e-05
0,5.4253206e-07
0,8.439359e-07
0,0.8423949
0,2.9472792e-05
0,2.7061704e-12
0,0.0014875513
0,0.31566045
0,1.1939608e-06
0,0.28199917
0,5.75527e-12
0,1.3476014e-08
0,8.3227616e-07
0,0.06451479
0,0.0003510674
0,8.177423e-05
0,2.290826e-08
0,1.4613363e-10
0,7.531491e-07
0,6.1347176e-09
0,0.9999621
0,4.81698e-08
0,0.00027222495
0,7.574565e-07
0,3.6883614e-07
0,1.7123988e-06
0,0.0019183316
0,6.143194e-13
0,2.467763e-05
0,5.6454132e-06
0,0.008042015
0,5.081522e-06
0,0.9998807
0,0.021304332
0,0.26208717
0,1.8832343e-06
0,2.6648989e-10
0,5.052982e-10
0,0.9999924
0,0.5426669
0,6.601657e-05
0,4.658521e-07
0,0.9917624
0,0.0037680943
0,5.673621e-09
0,0.28687984
0,8.8890256e-13
0,1.0317941e-12
0,1.7189924e-08
0,0.00056604535
0,0.18035872
0,0.26293597
0,0.9523958
0,2.0055356e-06
0,0.52762765
0,1.42395e-07
0,1.1000374e-06
0,0.4565769
0,1.4846945e-05
0,3.5884629e-10
0,0.05497701
0,1.5172976e-08
0,2.8339131e-11
0,0.37733662
0,3.5900135e-05
0,0.9884256
0,1.6860686e-05
0,1.2909744e-06
0,7.704511e-06
0,1.4503851e-07
0,4.979954e-06
0,5.7127963e-05
0,8.139163e-05
0,3.2101766e-06
0,1.51532195e-05
0,5.931023e-06
0,0.27693143
0,2.4869894e-06
0,0.001981765
0,0.84407943
0,2.0037119e-08
0,1.5579351e-05
0,2.1359546e-10
0,4.5754499e-07
0,1.9127466e-08
0,0.0001465524
0,0.011772572
0,4.7642603e-05
0,0.072494976
0,6.7973546e-05
0,0.021285865
0,1.18575135e-05
0,1.0936989e-07
0,8.063836e-06
0,1.4781349e-12
0,2.2663957e-09
0,0.9574505
0,6.211849e-07
0,7.1586705e-08
0,5.6520275e-07
0,3.2258907e-08
0,8.862863e-07
0,0.057887666
0,4.1781774e-07
0,0.00013660973
0,6.874498e-05
0,1.09892075e-10
0,7.3220195e-05
0,0.6499675
0,1.1048738e-08
0,2.5179447e-06
0,1.3493187e-07
0,6.641444e-08
0,5.6842584e-09
0,5.545854e-08
0,3.5089048e-05
0,8.5805675e-11
0,0.9981958
0,0.9608111
0,0.6974442
0,5.854718e-06
0,1.3088221e-10
0,0.00021710285
0,1.6131477e-08
0,0.37037918
0,1.2814945e-07
0,1.1284236e-06
0,0.19781841
0,3.4969653e-05
0,1.849485e-05
0,0.9890772
0,0.20294252
0,0.6664672
0,3.377237e-08
0,0.6727721
0,0.5391452
0,7.4503776e-05
0,6.905694e-05
0,6.717404e-07
0,1.8223349e-06
0,1.686349e-06
0,4.351463e-05
0,0.025069444
0,1.1490367e-05
0,0.0029923068
0,1.3863867e-10
0,3.3303422e-08
0,7.9538996e-14
0,0.02557565
0,5.813809e-09
0,3.104134e-06
0,0.14879446
0,7.15677e-09
0,0.3870395
0,1.8325633e-06
0,2.1513904e-07
0,3.8809436e-09
0,6.4151886e-06
0,9.291839e-06
0,0.17388663
0,0.0031232166
0,1.2229746e-08
0,8.3691775e-06
0,4.2701575e-11
0,3.0347064e-08
0,0.011079044
0,6.6943716e-13
0,1.1418389e-07
0,2.2574639e-05
0,3.003952e-05
0,1.3031818e-11
0,0.024369923
0,0.008003036
0,8.759308e-05
0,0.8254083
0,0.014828374
0,6.496169e-07
0,4.0631057e-10
0,2.8022464e-09
0,0.0033371462
0,1.8351238e-07
0,2.8031869e-05
0,0.00042893094
0,0.0018141468
0,3.371805e-08
0,5.827584e-07
0,0.000104942905
0,0.00011443219
0,2.8265736e-06
0,3.5606947e-05
0,1.8755827e-06
0,0.0033792467
0,6.021545e-06
0,0.0001813145
0,0.0052361856
0,7.2759785e-09
0,7.558354e-06
0,0.092594005
0,4.2803963e-06
0,3.2136163e-06
0,0.137787
0,3.676256e-08
0,0.88448346
0,7.660666e-07
0,0.0001008246
0,0.0044833785
0,0.9183794
0,0.50310045
0,0.00076521793
0,0.9973182
0,6.058608e-05
0,5.8938705e-05
0,2.7778888e-06
0,0.17364049
0,0.47691432
0,0.32319033
0,1.2405536e-10
0,0.006323428
0,0.0012995617
0,0.99999857
0,1.9338434e-06
0,1.2185173e-07
0,2.591369e-08
0,2.4584056e-08
0,0.012236324
0,4.720862e-06
0,0.0011816758
0,3.9070894e-08
0,3.119837e-05
0,2.7818763e-07
0,0.0020445571
0,0.00017993258
0,0.017257627
0,7.208896e-05
0,6.5975833e-06
0,4.7512962e-09
0,1.1034138e-09
0,0.0036902032
0,4.9668093e-11
0,4.186126e-08
0,1.2187421e-06
0,4.52659e-09
0,0.0010439169
0,8.158865e-06
0,1.8472057e-05
0,4.357956e-06
0,6.6093658e-06
0,1.3514001e-06
0,2.147919e-08
0,0.5726222
0,0.004061175
0,1.5277861e-09
0,0.008550768
0,2.5385086e-07
0,4.154498e-09
0,1.8460113e-08
0,1.7594015e-05
0,0.0010847548
0,5.563336e-05
0,0.5900941
0,5.285699e-11
0,3.8395775e-10
0,1.36079925e-05
0,5.283072e-05
0,1.9044647e-08
0,8.5183485e-05
0,0.07868892
0,0.019149119
0,3.0701492e-09
0,0.93438756
0,0.167728
0,0.07085794
0,0.9772627
0,2.7244346e-10
0,7.4839168e-06
0,4.2461483e-07
0,3.87825e-09
0,2.0090604e-07
0,1.7182833e-09
0,0.20021838
0,1.12805395e-07
0,0.25375533
0,0.08433566
0,0.01133379
0,9.699251e-08
0,1.8518319e-10
0,0.12756948
0,3.5939307e-09
0,1.3361925e-10
0,4.09343e-06
0,3.107843e-10
0,1.274194e-06
0,1.6947724e-10
0,0.99239045
0,6.197657e-05
0,9.494684e-08
0,1.12280296e-10
0,0.1453212
0,1.6717246e-05
0,1.3832378e-06
0,0.0008553369
0,0.039472856
0,0.89541304
0,2.3936572e-10
0,9.543406e-10
0,1.5912383e-10
0,0.0
0,4.5050783e-06
0,1.2844359e-09
0,1.3571685e-08
0,3.8515497e-09
0,0.08721916
0,0.0001982479
0,6.1921764e-07
0,0.00011042706
0,8.1528776e-07
0,0.00018986038
0,1.7081299e-10
0,1.6195746e-07
0,1.7025081e-06
0,1.9229892e-08
0,6.6977927e-06
0,1.5611554e-09
0,1.4517746e-09
0,9.9580895e-08
0,1.8492291e-06
0,0.0025684335
0,9.2291764e-08
0,0.00026335756
0,8.555656e-07
0,5.6258006e-08
0,0.88423115
0,8.021017e-08
0,6.862114e-08
0,0.096794136
0,7.4721464e-07
0,7.345742e-05
0,1.0125152e-06
0,0.99523574
0,4.3813168e-13
0,2.0158006e-07
0,8.772601e-06
0,2.0991517e-07
0,0.57453394
0,1.1601633e-09
0,0.00018330103
0,1.4528675e-06
0,0.9975211
0,9.59264e-07
0,1.6808374e-09
0,4.6966164e-08
0,0.99924076
0,1.1181568e-05
0,0.9995586
0,0.00010106901
0,7.3669e-09
0,6.8008077e-12
0,0.00017536977
0,5.9827315e-08
0,2.4113599e-05
0,0.99999285
0,1.369701e-11
0,7.929504e-06
0,2.4035051e-08
0,0.00013129645
0,0.0006818034
0,2.607001e-06
0,1.4567322e-08
0,0.008603004
0,0.0039527575
0,2.007656e-06
0,2.2390685e-07
0,1.9052096e-06
0,1.1468809e-07
0,6.1439245e-08
0,1.3991906e-06
0,0.040852003
0,2.4028732e-11
0,1.4315663e-10
0,0.00011462932
0,3.5451037e-12
0,2.4767138e-08
0,1.0500235e-08
0,2.8538382e-06
0,2.7486956e-06
0,0.00028239543
0,1.4459989e-09
0,0.057686485
0,3.8898488e-05
0,3.5219766e-10
0,6.391876e-07
0,0.9988894
0,0.01398001
0,1.4454012e-08
0,5.362006e-07
0,1.8600257e-07
0,0.0036882646
0,8.025042e-08
0,1.4748532e-07
0,0.0005390083
0,0.6471195
0,5.7755375e-07
0,3.113079e-05
0,1.5213233e-07
0,0.039551467
0,0.00037517722
0,4.968043e-10
0,1.7790102e-08
0,1.2060543e-07
0,2.5157989e-11
0,6.549761e-08
0,0.005974236
0,9.316222e-06
0,0.0048563965
0,0.009164083
0,4.04959e-07
0,5.9715836e-11
0,0.054794926
0,0.87632096
0,6.2695975e-08
0,1.08069926e-07
0,7.158832e-05
0,0.112032
0,1.2815626e-05
0,0.09706823
0,0.0011394335
0,4.3308804e-11
0,2.455797e-05
0,9.456852e-05
0,0.17259245
0,8.5500295e-05
0,0.29021922
0,1.07952495e-07
0,1.1608604e-07
0,1.2425496e-06
0,0.009186521
0,7.3223896e-07
0,7.953313e-09
0,1.1253371e-06
0,5.6596683e-09
0,0.002754815
0,1.3671892e-06
0,0.0007012696
0,1.0538603e-07
0,1.02707495e-10
0,6.9087873e-06
0,0.5635188
0,7.380696e-05
0,0.56096834
0,0.00032679015
0,0.0029011252
0,7.6699496e-07
0,0.963348
0,8.5502796e-07
0,4.128047e-08
0,0.0073141386
0,0.00012482227
0,0.0003207799
0,9.630151e-10
0,0.0006635993
0,0.0
0,1.8145057e-09
0,9.310478e-07
0,0.0011784089
0,2.5249399e-06
0,1.4994246e-05
0,5.0891554e-06
0,5.9424146e-06
0,0.0017419908
0,0.9963814
0,1.2507483e-06
0,7.368179e-05
0,0.00011325706
0,0.09929273
0,3.7374305e-06
0,0.7459763
0,3.6402934e-08
0,0.052912254
0,3.7091768e-06
0,0.00015218691
0,0.076287016
0,0.00014746284
0,7.850181e-09
0,2.0572288e-06
0,3.2027752e-13
0,0.97258896
0,0.0034999475
0,0.87565166
0,1.220247e-06
0,4.436067e-09
0,2.0173654e-10
0,8.2797743e-07
0,2.649543e-07
0,8.494772e-06
0,0.008606845
0,0.9999858
0,9.689012e-07
0,5.0479754e-09
0,3.735992e-09
0,5.2134082e-11
0,5.9335605e-05
0,6.0664766e-05
0,4.2897547e-05
0,1.5022183e-05
0,1.9860418e-06
0,2.6141785e-07
0,2.485279e-08
0,3.069059e-10
0,0.00048349638
0,0.99431396
0,0.0011152326
0,4.1757385e-06
0,2.9222122e-07
0,0.027903315
0,2.9046848e-10
0,3.85869e-09
0,0.027335618
0,2.055357e-07
0,7.829056e-06
0,0.1853816
0,8.787975e-10
0,3.6460595e-09
0,1.8919379e-06
0,0.000273959
0,0.023566328
0,0.0024222224
0,0.00032265976
0,8.6137114e-10
0,0.027898481
0,2.6146972e-06
0,0.0007890216
0,0.000112951304
0,0.07935995
0,2.4151912e-08
0,1.2764083e-07
0,0.00014422905
0,9.430716e-09
0,2.32458e-09
0,8.950375e-09
0,1.3906732e-05
0,0.0017395001
0,3.1846696e-06
0,4.521016e-06
0,2.2501483e-07
0,1.3331017e-05
0,0.9440493
0,9.607027e-06
0,3.891677e-09
0,2.4444075e-11
0,2.5521993e-07
0,0.00045098658
0,1.0271936e-08
0,9.805003e-10
0,2.490083e-10
0,1.7761678e-07
0,4.2325082e-05
0,0.9976998
0,1.1034013e-09
0,5.928917e-05
0,7.389223e-08
0,4.0236373e-05
0,2.7299595e-07
0,5.3579164e-08
0,2.552572e-11
0,0.035234064
0,0.007051278
0,0.92379445
0,1.4812648e-08
0,4.661664e-13
0,0.9468255
0,2.5343797e-11
0,0.00038852752
0,6.781553e-06
0,2.4615497e-07
0,1.3606297e-06
0,0.012484513
0,4.775407e-06
0,0.91501063
0,3.61089e-08
0,3.7309235e-08
0,0.2054912
0,4.7653455e-09
0,0.00059290434
0,1.3275883e-10
0,1.16811965e-08
0,0.0010999595
0,0.9987469
0,0.0015099872
0,0.0016841735
0,8.370041e-11
0,0.1638577
0,0.8506613
0,0.9347926
0,7.2127224e-09
0,0.7605689
0,0.48396668
0,3.5588975e-08
0,0.38111508
0,0.00062541704
0,1.8691206e-05
0,3.5019915e-05
0,6.189241e-05
0,0.999943
0,6.103644e-05
0,0.003780137
0,2.2916818e-06
0,1.8929671e-07
0,0.0021356642
0,3.7409575e-06
0,5.321291e-09
0,3.5463902e-06
0,0.0001578847
0,0.95072395
0,6.5743693e-06
0,0.08482226
0,0.0022090308
0,9.1411326e-05
0,1.400101e-06
0,7.4123624e-11
0,0.0001756273
0,0.9979121
0,3.0789575e-09
0,1.3735585e-07
0,0.99648416
0,1.562966e-10
0,0.3796704
0,1.5420648e-12
0,0.8284422
0,4.418328e-08
0,3.3426293e-09
0,0.0048803985
0,0.0010631537
0,1.2873104e-09
0,3.6043061e-06
0,1.539635e-06
0,2.5963447e-05
0,2.8320346e-06
0,0.0012342746
0,0.22078682
0,0.8202118
0,8.420166e-06
0,0.42802903
0,2.108363e-05
0,3.0845016e-12
0,2.7003733e-07
0,0.038916707
0,0.00021516452
0,1.2216594e-05
0,0.028032953
0,4.8628334e-11
0,3.6565022e-11
0,8.880384e-05
0,3.94184e-07
0,8.6592695e-15
0,0.33078656
0,5.6564018e-06
0,7.808743e-06
0,4.9076734e-06
0,0.09080725
0,2.552245e-08
0,0.00020774856
0,0.00018502628
0,0.0013197906
0,3.5174754e-08
0,9.275164e-12
0,4.6071855e-10
0,0.00038238268
0,1.0953843e-05
0,0.00040877
0,1.961604e-09
0,1.3527072e-07
0,1.6742109e-09
0,4.2842056e-11
0,0.00015198476
0,1.4126024e-05
0,0.00020817248
0,5.7303815e-09
0,1.1503496e-08
0,0.99999905
0,3.5436537e-10
0,4.127478e-05
0,8.082378e-10
0,9.1527596e-05
0,1.3714157e-05
0,0.00028718685
0,0.11575953
0,4.1737643e-05
0,2.6642797e-07
0,9.524626e-09
0,3.8151817e-13
0,1.5101356e-05
0,6.674201e-06
0,3.215757e-05
0,3.0128627e-05
0,0.00021592081
0,4.6726676e-09
0,1.8915895e-10
0,1.3469197e-09
0,4.989271e-06
0,3.7265355e-08
0,1.8852557e-08
0,3.184649e-08
0,0.0020525681
0,0.2182261
0,0.99465865
0,0.0004285999
0,1.7493443e-10
0,2.5578186e-06
0,5.0812248e-09
0,0.7816603
0,1.7799172e-11
0,0.030185798
0,0.016086044
0,0.00020636836
0,0.012250891
0,0.0006515218
0,1.854156e-06
0,0.9997025
0,0.99747866
0,4.7582275e-06
0,3.1096865e-06
0,0.0068300944
0,0.021193717
0,2.5671734e-06
0,3.3545734e-06
0,5.584146e-06
0,0.008014936
